OwnerId,OwnerName,OwnerContactInfo,OwnerEmail,VenId
072405662,Evelina Shadbolt,981-618-4110,eshadbolt0@deviantart.com,1
073906005,Jaymie Cerith,236-159-5850,jcerith1@sciencedaily.com,2
071923909,Perrine Philippart,776-504-1377,pphilippart2@tinypic.com,3
084107628,Mireielle Ketcher,882-704-3445,mketcher3@dot.gov,4
031316271,Anne-marie Clutton,412-258-0178,aclutton4@xing.com,5
031000503,Cynthea Elwel,956-665-8046,celwel5@msn.com,6
092901434,Bone Twidle,260-617-4588,btwidle6@craigslist.org,7
073907758,Sidnee Biggam,396-600-8964,sbiggam7@issuu.com,8
042207735,Wallie Ekkel,928-538-3104,wekkel8@google.cn,9
123206516,Lawton Flanders,559-366-2895,lflanders9@drupal.org,10
103104353,Ransom Pearcehouse,622-323-1065,rpearcehousea@nbcnews.com,11
071925871,Felix McCluney,130-876-7662,fmccluneyb@stumbleupon.com,12
021301869,Theodora Richings,448-809-7165,trichingsc@unc.edu,13
074903955,Griz Trusslove,259-665-9027,gtrussloved@state.gov,14
075906142,Keen La Wille,140-559-4550,klae@intel.com,15
091408501,Cos Moorerud,369-935-5443,cmoorerudf@spiegel.de,16
122243664,Evangelina Veivers,905-232-8459,eveiversg@hp.com,17
067009390,Robbi Jamson,477-835-0456,rjamsonh@ifeng.com,18
053112039,Sheelagh Paybody,129-181-4892,spaybodyi@independent.co.uk,19
104908163,Daniel Laffin,548-667-5273,dlaffinj@epa.gov,20
072403554,Cathee Oldroyde,914-145-9951,coldroydek@bloomberg.com,21
122241132,Francois Ramsbotham,245-778-2622,framsbothaml@ucoz.com,22
091405229,Manolo Boucher,731-686-4754,mboucherm@opensource.org,23
061204913,Thor de Clerq,852-203-3590,tden@geocities.jp,24
226071389,Gustie De Mars,871-113-4297,gdeo@bloglines.com,25
107002503,Laird Sam,565-463-9320,lsamp@yahoo.co.jp,26
071115801,Doti Tschierse,646-506-4928,dtschierseq@mapy.cz,27
021205871,Margaretta Dymoke,403-715-9669,mdymoker@ezinearticles.com,28
091915890,Fielding Ridewood,302-187-6358,fridewoods@twitter.com,29
022000868,Blithe Niccols,458-655-8383,bniccolst@timesonline.co.uk,30
053111577,Valaria Senton,740-881-4752,vsentonu@a8.net,31
111904998,Tiphani Barrowcliffe,217-135-7091,tbarrowcliffev@opensource.org,32
011601074,Glory Pigeram,707-568-0781,gpigeramw@cbc.ca,33
121141107,Theodosia Mannion,923-613-1068,tmannionx@mit.edu,34
071107699,Aubrey Prickett,118-259-9220,apricketty@edublogs.org,35
083905449,Maitilde Rosenkranc,329-907-4399,mrosenkrancz@deliciousdays.com,36
071925635,Peggy Duddell,906-568-6492,pduddell10@mlb.com,37
314973412,Henri Dreigher,665-464-7564,hdreigher11@people.com.cn,38
072402364,Teena Dansken,715-709-7422,tdansken12@wunderground.com,39
073920900,Nessy Le Monnier,803-483-7065,nle13@sfgate.com,40
111907717,Sammie Hallford,859-906-7968,shallford14@uiuc.edu,41
104900048,Mikkel Thody,302-277-0667,mthody15@washington.edu,42
011301536,Jacintha Fronsek,416-975-4679,jfronsek16@fema.gov,43
026013958,Duffie Peron,306-702-8365,dperon17@lycos.com,44
321175180,Aretha Spencock,514-419-3304,aspencock18@sakura.ne.jp,45
101202503,Gilberta Picot,250-688-7188,gpicot19@a8.net,46
111025084,Abbi Kivell,686-122-3661,akivell1a@angelfire.com,47
211370846,Chlo Hartly,164-740-4602,chartly1b@kickstarter.com,48
031317380,Tommi Berthel,495-455-6652,tberthel1c@cdc.gov,49
043314164,Worth Berthel,370-375-7404,wberthel1d@go.com,50
053012087,Kassandra Nary,515-365-5108,knary1e@wired.com,51
111313479,Phaidra Heims,265-120-1831,pheims1f@cbsnews.com,52
284373838,Teodor Sherel,838-911-6864,tsherel1g@boston.com,53
073921048,Carrie Beakes,308-616-7722,cbeakes1h@accuweather.com,54
243470196,Beck Sommerton,887-347-1726,bsommerton1i@tamu.edu,55
061105685,Amye Burder,681-741-4186,aburder1j@comcast.net,56
321177861,Adelina Brotherick,323-871-0976,abrotherick1k@pcworld.com,57
081307227,Anett Yakuntzov,669-146-4595,ayakuntzov1l@google.pl,58
103112329,Nichole Fitzgerald,748-874-9191,nfitzgerald1m@noaa.gov,59
102107474,Berni Denizet,193-359-8884,bdenizet1n@theatlantic.com,60
104903498,Pam Hamby,305-545-1044,phamby1o@illinois.edu,61
061107010,Barbey Gotthard.sf,656-549-6057,bgotthardsf1p@ebay.com,62
041202812,Vania Docksey,255-470-0714,vdocksey1q@yellowbook.com,63
111924787,Bennie Nendick,497-727-3864,bnendick1r@freewebs.com,64
063113727,Delly Malloy,559-850-3121,dmalloy1s@free.fr,65
091803889,Alexei Luton,134-581-7624,aluton1t@gov.uk,66
123271978,Karrah Ellerman,449-596-1082,kellerman1u@1und1.de,67
031309385,Moreen Sutherington,366-360-9776,msutherington1v@wp.com,68
253185002,Isabeau Pinnock,174-945-4611,ipinnock1w@hao123.com,69
043000122,Harlin Tofanini,312-917-0838,htofanini1x@people.com.cn,70
084205889,Viviyan Sopp,759-848-3504,vsopp1y@businessinsider.com,71
071900456,Sada Roe,180-394-5717,sroe1z@un.org,72
051401043,Ignacio Kenna,750-952-6564,ikenna20@prnewswire.com,73
011307077,Giselle Hallows,551-936-4642,ghallows21@aboutads.info,74
092901191,Nanice Maffy,472-947-4371,nmaffy22@senate.gov,75
011910697,Kin Mallalieu,457-305-3817,kmallalieu23@exblog.jp,76
021213397,Kym Standrin,600-314-9535,kstandrin24@jalbum.net,77
271070791,Noll Patriskson,688-798-5623,npatriskson25@drupal.org,78
103101165,Ferdinand Loyns,778-411-3269,floyns26@nymag.com,79
114025599,Raimondo Larmett,363-937-5795,rlarmett27@hostgator.com,80
122243703,Ann Atack,401-254-3492,aatack28@independent.co.uk,81
071102995,Petrina Klagge,629-762-8724,pklagge29@vinaora.com,82
082905181,Elly Whiffen,976-166-3114,ewhiffen2a@furl.net,83
265070532,Filmer Sutterfield,288-294-9038,fsutterfield2b@mashable.com,84
061019674,Phip Fernely,666-548-6646,pfernely2c@economist.com,85
021031207,Win Baurerich,517-598-0659,wbaurerich2d@seesaa.net,86
111302532,Jodie Shepley,496-765-7588,jshepley2e@hugedomains.com,87
101006699,Marj Exelby,333-954-6709,mexelby2f@abc.net.au,88
071001041,Nanci Coom,648-858-4245,ncoom2g@examiner.com,89
065404256,Barnard Kilgour,851-427-9748,bkilgour2h@fda.gov,90
221270101,Edin Hanbury-Brown,260-125-0842,ehanburybrown2i@nifty.com,91
122402159,Georges Stang-Gjertsen,588-637-5410,gstanggjertsen2j@eventbrite.com,92
226070270,Evan Corser,265-415-8837,ecorser2k@uiuc.edu,93
281073555,Aile Smout,861-258-9708,asmout2l@bloomberg.com,94
113009464,Thaddus Meininger,350-976-8940,tmeininger2m@artisteer.com,95
063015537,Ariella Broschke,274-734-6327,abroschke2n@china.com.cn,96
065403477,Melita Girod,958-779-7195,mgirod2o@stumbleupon.com,97
211274450,Cristy Alldred,216-159-9066,calldred2p@abc.net.au,98
055003337,Dun Iorio,947-802-1545,diorio2q@cbslocal.com,99
053112631,Abbie Birtwhistle,222-644-3727,abirtwhistle2r@xrea.com,100
026000110,Corby Hartwell,499-463-1387,chartwell2s@jalbum.net,101
053101529,Rubetta Carratt,910-984-1863,rcarratt2t@joomla.org,102
051405515,Erinn Verralls,298-312-9875,everralls2u@gnu.org,103
231975836,Elaine Martinie,710-367-9592,emartinie2v@posterous.com,104
043317679,Catharina Fitzharris,550-691-7311,cfitzharris2w@meetup.com,105
051404231,Marcus Leemans,884-116-3211,mleemans2x@nbcnews.com,106
053201885,Martelle Bentz,580-286-2501,mbentz2y@chron.com,107
111922624,Hilario Wetheril,989-779-3491,hwetheril2z@sciencedaily.com,108
111000025,Jermain Grigolon,892-724-4491,jgrigolon30@bigcartel.com,109
092900833,Isabella Puden,305-117-6323,ipuden31@omniture.com,110
053012197,Beverly Omand,695-841-4116,bomand32@skyrock.com,111
091806242,Torre Wheildon,146-470-5563,twheildon33@gmpg.org,112
031301532,Alic Gabits,476-746-6831,agabits34@cargocollective.com,113
103102546,Naomi Bergstram,278-953-7412,nbergstram35@pcworld.com,114
113017870,Heath Pring,979-491-0980,hpring36@networkadvertising.org,115
071921244,Marena Walter,511-684-6739,mwalter37@privacy.gov.au,116
065200984,Arni Mabbett,827-992-0119,amabbett38@vinaora.com,117
082903044,Nil McInulty,418-654-7422,nmcinulty39@sciencedaily.com,118
103102546,Barnie Anster,303-428-8098,banster3a@parallels.com,119
103101822,Juanita Harder,963-792-9287,jharder3b@wufoo.com,120
051008828,Geri Drioli,280-128-1612,gdrioli3c@yolasite.com,121
061292433,Halette Tewkesbury.,975-413-4670,htewkesbury3d@seesaa.net,122
041203895,Elfrieda Treadwell,377-940-0884,etreadwell3e@friendfeed.com,123
111103058,Riley Nolder,137-612-8449,rnolder3f@hao123.com,124
043002023,Blythe Fritchley,592-968-1178,bfritchley3g@pbs.org,125
122402159,Ber Caton,692-822-2760,bcaton3h@jugem.jp,126
102005916,Wilma Cymper,636-714-7301,wcymper3i@sbwire.com,127
124300327,Jacinthe Josefsen,792-233-7045,jjosefsen3j@domainmarket.com,128
081507124,Gabey Scaife,583-937-9384,gscaife3k@deviantart.com,129
113106833,Adolphus Dobbson,235-595-2776,adobbson3l@whitehouse.gov,130
073903312,Lizzy Bramah,395-998-4268,lbramah3m@friendfeed.com,131
052173464,Gayla McGettrick,565-965-6175,gmcgettrick3n@godaddy.com,132
091903844,Fanni Fortescue,220-819-3779,ffortescue3o@npr.org,133
122287361,Phylys Palluschek,956-867-1914,ppalluschek3p@etsy.com,134
042015422,Pincas ducarme,324-828-2610,pducarme3q@yahoo.com,135
021502011,Jonell Lamlin,179-708-5345,jlamlin3r@youku.com,136
111901580,Elysia Cellier,746-316-9086,ecellier3s@fastcompany.com,137
111910005,Haskel Clowes,687-384-2722,hclowes3t@yolasite.com,138
081004601,Hasheem Cackett,263-564-1220,hcackett3u@irs.gov,139
053012197,Kiele Van der Velden,869-128-6004,kvan3v@slashdot.org,140
122101191,Alva Pirdue,144-673-6193,apirdue3w@miitbeian.gov.cn,141
124002735,Quillan Melia,909-240-4376,qmelia3x@so-net.ne.jp,142
071918545,Del Dennistoun,681-171-4143,ddennistoun3y@example.com,143
064102601,Carlin Hanse,305-841-3706,chanse3z@archive.org,144
051402974,Rowe Lewins,630-562-7944,rlewins40@gravatar.com,145
221370108,Hertha Triggol,471-181-0289,htriggol41@theatlantic.com,146
081518375,Glori Ughelli,467-593-2247,gughelli42@mediafire.com,147
071925965,Jennine De Lasci,268-988-3063,jde43@devhub.com,148
064002280,Pippa Nulty,416-564-0439,pnulty44@purevolume.com,149
062202082,Willem Worcester,769-963-1694,wworcester45@mlb.com,150
064207195,Anthony Pinnegar,403-388-3747,apinnegar46@themeforest.net,151
271173452,Ingram Gornar,529-122-4401,igornar47@paginegialle.it,152
322274792,Rock McNeil,840-884-8972,rmcneil48@nifty.com,153
041202540,Sydney Noads,707-904-2714,snoads49@xrea.com,154
111304637,Eyde Bernaldez,976-963-5369,ebernaldez4a@sbwire.com,155
322282768,Winnah Banbrook,390-565-9791,wbanbrook4b@apache.org,156
122220849,Maribelle Lawtey,514-820-7212,mlawtey4c@marriott.com,157
075900229,Noah Mathwen,279-185-8932,nmathwen4d@themeforest.net,158
028001081,Simone Harcarse,699-311-2770,sharcarse4e@so-net.ne.jp,159
321170318,Nickie Faustian,993-718-4845,nfaustian4f@mayoclinic.com,160
051502528,Kyla Bassingham,257-536-4438,kbassingham4g@cnet.com,161
021901748,Odo Mayling,410-307-7599,omayling4h@elpais.com,162
051501150,Haze Flagg,393-303-7570,hflagg4i@rambler.ru,163
123206516,Wendi Eamer,472-453-8981,weamer4j@google.cn,164
055002723,Birk Butland,482-625-9713,bbutland4k@mediafire.com,165
053112806,Aindrea Lant,637-167-8947,alant4l@omniture.com,166
111907694,Manolo Drought,475-744-7904,mdrought4m@woothemes.com,167
083905326,Jesse Eley,483-617-4044,jeley4n@cbc.ca,168
271975951,Cam Peidro,406-906-3651,cpeidro4o@netlog.com,169
063113824,Amata Snodden,398-327-8652,asnodden4p@twitter.com,170
082901897,Evania Gregr,339-170-2485,egregr4q@discovery.com,171
111300880,Locke Roots,381-436-6884,lroots4r@slashdot.org,172
053102191,Linnie Hargreave,190-201-1597,lhargreave4s@geocities.com,173
122238543,Kakalina Gaskins,872-426-2460,kgaskins4t@dion.ne.jp,174
243373471,Georgeanne Phoenix,369-473-1448,gphoenix4u@archive.org,175
301271790,Onida Higgen,847-116-0650,ohiggen4v@mac.com,176
322271096,Ynes Prendergrast,102-254-9446,yprendergrast4w@cargocollective.com,177
091811253,Nelly Chesnay,170-466-2349,nchesnay4x@bloomberg.com,178
063104972,Granny Orys,306-975-9387,gorys4y@sciencedirect.com,179
103089834,Marla Gilffilland,755-982-8032,mgilffilland4z@scribd.com,180
081500749,Genny Sarle,681-393-9065,gsarle50@studiopress.com,181
062003977,Cully Szubert,206-264-5782,cszubert51@tamu.edu,182
122239063,Andris Hairsnape,975-619-1679,ahairsnape52@nba.com,183
083901825,Goddart McVaugh,881-920-7113,gmcvaugh53@chron.com,184
084203276,Witty Phillcock,357-718-4353,wphillcock54@ucoz.com,185
071000343,Vanni Moncrieffe,404-571-9198,vmoncrieffe55@paginegialle.it,186
082901075,Tabina Dufoure,572-939-0888,tdufoure56@nps.gov,187
103101424,Mariska Willetts,175-602-7708,mwilletts57@xing.com,188
114902777,Jolene Feehely,706-717-8050,jfeehely58@fema.gov,189
122242092,Peri Duckerin,798-762-5815,pduckerin59@merriam-webster.com,190
253184841,Rosanna Lightwing,120-760-1409,rlightwing5a@princeton.edu,191
082901907,Doll Titcumb,549-663-4777,dtitcumb5b@amazon.de,192
084004284,Bellanca Hymor,133-330-4459,bhymor5c@economist.com,193
062103259,Darya Gai,440-772-1284,dgai5d@senate.gov,194
072401585,Marian Dyzart,444-780-4938,mdyzart5e@imageshack.us,195
103103749,Dee dee Koppes,751-600-1769,ddee5f@clickbank.net,196
061103153,Paton Penhalurick,890-487-6895,ppenhalurick5g@blogtalkradio.com,197
011402024,Brenn Gadd,726-796-7146,bgadd5h@goodreads.com,198
112024437,Zea Archbold,492-273-7792,zarchbold5i@columbia.edu,199
061204913,Melonie Listone,538-700-0174,mlistone5j@mail.ru,200
074910799,Mozes Dawidsohn,456-882-8854,mdawidsohn5k@mapy.cz,201
091309846,Cherish Bonnette,970-852-8590,cbonnette5l@umn.edu,202
091403616,Carroll Wawer,360-218-9117,cwawer5m@vkontakte.ru,203
111907348,Merlina Gouch,158-738-4363,mgouch5n@cmu.edu,204
104102781,Jasen Toe,524-946-5697,jtoe5o@fastcompany.com,205
231372387,Manuel Ramelot,106-121-2853,mramelot5p@google.nl,206
067012882,Kyrstin Vise,885-540-9581,kvise5q@rakuten.co.jp,207
111908004,Almeda Andreassen,993-842-1523,aandreassen5r@cocolog-nifty.com,208
061019674,Rodge Suche,876-409-3335,rsuche5s@sohu.com,209
122402049,Thaxter Wasling,291-102-7871,twasling5t@narod.ru,210
121140276,Candida Klaves,983-878-9120,cklaves5u@edublogs.org,211
111903517,Griffie Luscombe,709-382-9795,gluscombe5v@amazon.co.jp,212
082903044,Emmet Peltz,757-181-3449,epeltz5w@chicagotribune.com,213
083905449,Kariotta Hutcheons,307-780-8483,khutcheons5x@google.pl,214
071002053,Mora Wiffler,929-217-7198,mwiffler5y@shop-pro.jp,215
101101471,Hunfredo Truce,297-385-9110,htruce5z@walmart.com,216
071925211,Silvie Davidovic,756-453-5741,sdavidovic60@tuttocitta.it,217
322186288,Laurie Dignall,458-969-9331,ldignall61@msu.edu,218
072402652,Fannie O'Sesnane,132-390-8729,fosesnane62@topsy.com,219
072412176,Gerald Swanton,392-364-5544,gswanton63@mac.com,220
091404369,Lilah Ducker,137-649-2586,lducker64@economist.com,221
064004181,Friedrich Force,632-697-8200,fforce65@ustream.tv,222
083901650,Billy Tewkesberry,782-751-8351,btewkesberry66@latimes.com,223
304987298,Tremaine Lazarus,374-521-2387,tlazarus67@typepad.com,224
052100725,Dierdre Aldersea,961-604-5804,daldersea68@virginia.edu,225
031316271,Cassi Bernat,234-861-8242,cbernat69@theatlantic.com,226
083908420,Patrizio Brome,263-479-8206,pbrome6a@about.com,227
063109621,Felisha Cooch,684-332-3430,fcooch6b@e-recht24.de,228
065306079,Paco Cawkwell,929-353-3023,pcawkwell6c@earthlink.net,229
041001039,Rosene Hugland,812-496-8435,rhugland6d@symantec.com,230
043308277,Fran Garmston,642-611-7495,fgarmston6e@hexun.com,231
081506646,Rikki Behn,967-390-2557,rbehn6f@ucsd.edu,232
021306822,Chevalier Osbourn,848-911-9870,cosbourn6g@forbes.com,233
051074030,Liv Mannock,965-146-8654,lmannock6h@over-blog.com,234
011001742,Celeste Middlebrook,681-831-0331,cmiddlebrook6i@wp.com,235
071912813,Mechelle Kaemena,168-129-1960,mkaemena6j@accuweather.com,236
031317380,Donna Terrell,795-234-5031,dterrell6k@stanford.edu,237
271250647,Myrle Badger,546-227-3979,mbadger6l@myspace.com,238
103105530,Caril Roumier,130-547-2796,croumier6m@blogtalkradio.com,239
075902735,Gwendolin McClancy,710-303-7201,gmcclancy6n@stanford.edu,240
104905881,Andrew Purviss,542-799-1646,apurviss6o@wunderground.com,241
081311666,Marci Franssen,778-161-1897,mfranssen6p@si.edu,242
081210314,Nesta Tomaszczyk,883-981-7382,ntomaszczyk6q@ask.com,243
273970941,Lexis Hazelhurst,819-109-6696,lhazelhurst6r@theatlantic.com,244
125108858,Wynnie McGreary,757-282-1727,wmcgreary6s@yahoo.co.jp,245
091804723,Frasco Brownsall,498-712-4839,fbrownsall6t@harvard.edu,246
021309379,Connor Cramer,975-494-6686,ccramer6u@netscape.com,247
051403630,Tamqrah McGourty,238-300-8550,tmcgourty6v@cbc.ca,248
101107116,Harv Boylan,858-201-6836,hboylan6w@technorati.com,249
026010605,Marianne Mulrenan,837-485-9240,mmulrenan6x@discuz.net,250
061201864,Magdalena Kigelman,239-420-4978,mkigelman6y@google.com.hk,251
083000056,Zorina McDavitt,703-192-6303,zmcdavitt6z@bloglovin.com,252
021206566,Leonard Mawtus,172-100-5378,lmawtus70@ask.com,253
026011882,Don Bowle,449-672-4408,dbowle71@forbes.com,254
061092691,Aluino Scanlon,902-275-8171,ascanlon72@apache.org,255
114917623,Cori Quixley,989-118-9282,cquixley73@example.com,256
073918569,Alysa Jeaffreson,799-856-4026,ajeaffreson74@ycombinator.com,257
011100805,Maire Phillpot,134-485-1831,mphillpot75@people.com.cn,258
065002289,Jamima Wollrauch,773-756-8331,jwollrauch76@theatlantic.com,259
062102098,Hana Chapier,828-183-1683,hchapier77@princeton.edu,260
042101792,Oralla Selesnick,607-754-1135,oselesnick78@patch.com,261
123103570,Joline Knapper,134-860-6278,jknapper79@wikimedia.org,262
021172661,Zachery Hellier,240-264-0881,zhellier7a@china.com.cn,263
081221549,Rustie Jedrys,558-762-8969,rjedrys7b@blinklist.com,264
052173464,Dmitri Vittle,619-386-2808,dvittle7c@list-manage.com,265
055001122,Sebastian Mulvy,191-237-4396,smulvy7d@histats.com,266
104112849,Frazier Arsnell,964-896-3731,farsnell7e@salon.com,267
021202447,Pierre Braysher,472-173-5929,pbraysher7f@opensource.org,268
084000026,Patrizius McGhee,688-362-0861,pmcghee7g@berkeley.edu,269
063112249,Arnie Woolager,140-222-0419,awoolager7h@wikia.com,270
053274139,Sena Abbatt,205-672-7158,sabbatt7i@china.com.cn,271
271080325,Elsy Stocks,814-607-7857,estocks7j@noaa.gov,272
064102384,Wash Ankrett,821-721-2732,wankrett7k@aol.com,273
114993786,Boycie Krugmann,935-954-5650,bkrugmann7l@army.mil,274
122000658,Yorgo Orrocks,924-289-5685,yorrocks7m@ovh.net,275
031311674,Maryanne Apted,792-412-0493,mapted7n@dell.com,276
062104397,Henryetta Cleminson,218-474-3395,hcleminson7o@gmpg.org,277
022302689,Kirstyn Fincken,963-647-5754,kfincken7p@cloudflare.com,278
051401043,Bobinette Pepi,372-244-5606,bpepi7q@diigo.com,279
072405455,Joaquin Brownjohn,947-573-5103,jbrownjohn7r@guardian.co.uk,280
113104178,Townsend Barkshire,905-958-8689,tbarkshire7s@bloomberg.com,281
072413654,Britt Zanre,330-628-1343,bzanre7t@pen.io,282
211370448,Liliane Joinson,720-205-9036,ljoinson7u@telegraph.co.uk,283
043400036,Kitty Inseal,952-411-8068,kinseal7v@cloudflare.com,284
107006305,Bruce Perrins,925-392-6845,bperrins7w@flickr.com,285
053112055,Yancy Yushankin,927-239-2484,yyushankin7x@friendfeed.com,286
107006431,Nanci Tidmas,937-878-2721,ntidmas7y@icq.com,287
101101662,Gratiana Lydiatt,589-285-0127,glydiatt7z@ucoz.ru,288
083901210,Hunfredo Tiltman,986-418-3419,htiltman80@uiuc.edu,289
081512371,Kiley Tirrell,287-938-6118,ktirrell81@i2i.jp,290
103103600,Freeman Provis,355-420-9858,fprovis82@sciencedirect.com,291
103013211,Monti Alyutin,611-751-8088,malyutin83@acquirethisname.com,292
221371071,Esma Thurlbourne,253-784-3029,ethurlbourne84@ucsd.edu,293
121000358,Morna Bartzen,735-469-5942,mbartzen85@buzzfeed.com,294
114914710,Robb Zahor,393-275-9698,rzahor86@dmoz.org,295
041210985,Charmine Seabert,752-301-2430,cseabert87@buzzfeed.com,296
062000116,Abey Standfield,811-902-9503,astandfield88@sfgate.com,297
051402233,Shellysheldon Bellew,541-168-7978,sbellew89@patch.com,298
101107860,Suzanne Devey,990-603-2528,sdevey8a@pagesperso-orange.fr,299
021308781,Conant Deverale,916-729-7638,cdeverale8b@cocolog-nifty.com,300
073908045,Urbano Georgeot,758-834-8702,ugeorgeot8c@acquirethisname.com,301
231374961,Nani Minget,358-372-6771,nminget8d@networkadvertising.org,302
043000630,Clarine Morston,694-905-5023,cmorston8e@chronoengine.com,303
081904808,Pamela Poles,644-314-3239,ppoles8f@csmonitor.com,304
103101152,Martynne Jutson,616-242-8125,mjutson8g@bing.com,305
082007791,Myrna Ripsher,566-177-4321,mripsher8h@tinyurl.com,306
111909841,Beverlee Giffaut,393-680-2664,bgiffaut8i@google.com.hk,307
111312551,Orella Jirousek,690-266-4135,ojirousek8j@symantec.com,308
083000920,Ave Cullagh,350-490-5786,acullagh8k@xrea.com,309
092903270,Hortense Caberas,325-114-6645,hcaberas8l@hc360.com,310
261190490,Othelia Bentke,661-769-7263,obentke8m@blogspot.com,311
314072986,Jody Gatcliff,529-797-1822,jgatcliff8n@networksolutions.com,312
053100850,Rube Thirst,685-738-5318,rthirst8o@go.com,313
267089712,Janeczka Frondt,753-529-0278,jfrondt8p@edublogs.org,314
042106331,Arlie Osbourn,891-341-4948,aosbourn8q@hibu.com,315
082901635,Ashli Muspratt,763-798-9554,amuspratt8r@economist.com,316
082901101,Nestor Canero,341-329-4987,ncanero8s@sciencedirect.com,317
051405188,Lorena Del Dello,372-384-8450,ldel8t@ustream.tv,318
091205652,Rafaello Stickel,334-948-6577,rstickel8u@opera.com,319
071923404,Kiley Smidmor,647-115-7569,ksmidmor8v@slideshare.net,320
253173496,Jasper Scrimshire,434-901-1872,jscrimshire8w@360.cn,321
071903123,Violette Brownrigg,767-526-3404,vbrownrigg8x@friendfeed.com,322
111908509,Melisent Taberner,393-555-5106,mtaberner8y@unc.edu,323
091206884,Bryon Roby,326-137-4761,broby8z@dailymotion.com,324
031311674,Peterus Cicci,216-579-2418,pcicci90@wordpress.com,325
101217750,Daron Margerrison,784-391-0941,dmargerrison91@phpbb.com,326
084201511,Chen Ralston,679-969-3212,cralston92@eventbrite.com,327
083903564,Brok Forrestor,737-984-8057,bforrestor93@t-online.de,328
061204654,Dukey Gatherell,294-920-6758,dgatherell94@angelfire.com,329
061211197,Sharity Axelbee,775-678-4997,saxelbee95@hhs.gov,330
104112849,Kennedy Christescu,484-491-2135,kchristescu96@ask.com,331
072413900,Cherilynn Bitcheno,239-829-4816,cbitcheno97@hubpages.com,332
051500614,Erinn Janota,320-248-7461,ejanota98@elegantthemes.com,333
081000058,Garry Codron,642-514-4279,gcodron99@marketwatch.com,334
011000015,Der Dumsday,437-903-2623,ddumsday9a@tmall.com,335
063105683,Cyb Meron,297-192-3178,cmeron9b@surveymonkey.com,336
114926009,Rourke Wasteney,892-784-1219,rwasteney9c@phoca.cz,337
111101461,Vivianne Saipy,894-707-3838,vsaipy9d@mail.ru,338
084309125,Enrika Whaley,275-222-9233,ewhaley9e@alibaba.com,339
021306822,Bernadette McLeary,356-201-3366,bmcleary9f@engadget.com,340
074905173,Serene Antusch,853-190-0354,santusch9g@cbc.ca,341
042100188,Orel Odom,868-127-7229,oodom9h@sakura.ne.jp,342
103103354,Benn Brashier,573-558-5849,bbrashier9i@businessinsider.com,343
107004695,Philis Feld,651-566-2293,pfeld9j@upenn.edu,344
082904027,Laverna Gawthorpe,954-830-4298,lgawthorpe9k@oaic.gov.au,345
244172095,Sybilla Fazackerley,814-379-1128,sfazackerley9l@livejournal.com,346
053108580,Ally Ogg,395-771-6253,aogg9m@seesaa.net,347
084200981,Anica Flicker,381-219-6386,aflicker9n@pen.io,348
026013673,Austen Strickett,760-171-5479,astrickett9o@4shared.com,349
114904979,Thorsten Dorling,637-275-2087,tdorling9p@networkadvertising.org,350
072402348,Winne Pattemore,353-345-8170,wpattemore9q@lulu.com,351
222370440,Angelika Pieters,927-108-8209,apieters9r@army.mil,352
011301536,Colman Teare,303-229-6995,cteare9s@dot.gov,353
122237751,Read Mattusov,941-517-5084,rmattusov9t@apache.org,354
022302689,Daune Skoof,313-370-3095,dskoof9u@berkeley.edu,355
123000220,Ezmeralda Delbergue,850-618-5476,edelbergue9v@earthlink.net,356
265270413,Fawn Cupper,842-200-7678,fcupper9w@booking.com,357
056001011,Cos Easom,942-440-7529,ceasom9x@icq.com,358
121142148,Thibaut Druitt,368-236-0022,tdruitt9y@prweb.com,359
322281882,Zed Denkel,309-907-0444,zdenkel9z@about.me,360
022000842,Vito Drane,798-557-9562,vdranea0@soup.io,361
301171230,Millisent Aspenlon,125-870-6475,maspenlona1@biglobe.ne.jp,362
322276871,Mabelle Shearme,834-831-2451,mshearmea2@twitpic.com,363
211370231,Lek Pasterfield,875-856-1342,lpasterfielda3@home.pl,364
271970147,Wyn Dilgarno,113-341-7016,wdilgarnoa4@bandcamp.com,365
242074425,Tiertza Mundee,820-582-7918,tmundeea5@sourceforge.net,366
052204346,Gothart Disdel,852-908-4037,gdisdela6@ustream.tv,367
122038442,Elliot Speare,258-746-6458,espearea7@accuweather.com,368
111908172,Ainslee Rogliero,738-677-4221,aroglieroa8@yellowpages.com,369
011300142,Richart Pizer,631-116-8408,rpizera9@reuters.com,370
021908288,Melvyn Blogg,329-709-2213,mbloggaa@bbb.org,371
111914218,Jehu Shardlow,902-320-1072,jshardlowab@auda.org.au,372
084003900,Melita Beeble,901-967-2684,mbeebleac@feedburner.com,373
101902052,Jo ann Lodemann,260-171-1903,jannad@nasa.gov,374
031000037,Maryanne Muckleston,720-671-5447,mmucklestonae@qq.com,375
091408734,Wylie D'Arrigo,104-611-1117,wdarrigoaf@businessweek.com,376
272471661,Helge Hayle,421-518-2574,hhayleag@amazon.com,377
072404142,Shannon Duffield,537-601-6581,sduffieldah@nih.gov,378
051404231,Parsifal Basley,415-711-2905,pbasleyai@cloudflare.com,379
091201258,Skye Beet,915-808-1921,sbeetaj@free.fr,380
107002532,Farra Sheehan,504-518-5440,fsheehanak@unicef.org,381
042101459,Nelson Oliva,953-218-9513,nolivaal@vimeo.com,382
102301089,Alisa Hilldrup,269-172-4278,ahilldrupam@archive.org,383
031100490,Dionne Grunnill,184-213-8660,dgrunnillan@gravatar.com,384
053100559,Gilberta Loughead,743-800-7337,glougheadao@friendfeed.com,385
114921842,Thalia Karlolczak,481-781-5516,tkarlolczakap@ehow.com,386
102102013,Pattin Blakeden,346-338-1688,pblakedenaq@ask.com,387
051409210,Dex Hullah,767-604-2825,dhullahar@linkedin.com,388
042103460,Roseanna Andrieu,383-391-5040,randrieuas@gnu.org,389
113104000,Mischa Shelsher,758-487-8070,mshelsherat@yellowbook.com,390
111300932,Emera Brea,186-385-1559,ebreaau@slashdot.org,391
211370587,Cathee Yearby,896-705-7688,cyearbyav@shutterfly.com,392
123103606,Dalenna Callery,777-198-3252,dcalleryaw@xing.com,393
122400724,Emmit Southward,608-782-9617,esouthwardax@google.nl,394
021207044,Lani Blasgen,851-855-5059,lblasgenay@weather.com,395
092101085,Trefor Brimblecombe,774-478-0622,tbrimblecombeaz@mozilla.com,396
062201164,Saul Sysland,666-577-9559,ssyslandb0@samsung.com,397
111323951,Isabel Pennycook,632-534-6303,ipennycookb1@naver.com,398
021201943,Florina Headingham,171-965-9156,fheadinghamb2@w3.org,399
321270742,Tirrell Ferryman,603-384-2958,tferrymanb3@newsvine.com,400
