CusId,CusName,CusContactInfo,CusEmail
075912628,Ulberto Duiguid,618-796-7581,uduiguid0@aboutads.info
082901839,Stanislaus Durdle,971-767-6287,sdurdle1@storify.com
084003191,Dennie Rowbury,313-344-5925,drowbury2@weibo.com
221272332,Kirbee Cliffe,920-676-7108,kcliffe3@opensource.org
101010672,Kameko Stephens,676-366-9477,kstephens4@businesswire.com
091210922,Tonye Caps,691-735-5797,tcaps5@posterous.com
041215537,Aguie Jermy,785-483-2924,ajermy6@ebay.co.uk
022300186,Marje Tewnion,969-921-2213,mtewnion7@boston.com
122217056,Berkie Chamberlayne,854-709-3099,bchamberlayne8@wufoo.com
114017714,Yoshi Denne,127-286-2069,ydenne9@quantcast.com
073904230,Jarrod Collihole,912-534-6211,jcolliholea@china.com.cn
121141534,Rea Burgh,472-564-3460,rburghb@liveinternet.ru
064103079,Kort Kyncl,503-247-9245,kkynclc@so-net.ne.jp
271070607,Ad Castro,975-303-4794,acastrod@forbes.com
271979193,Kalil Loble,503-648-8044,kloblee@gizmodo.com
031207924,Hieronymus Klaffs,697-941-8417,hklaffsf@sakura.ne.jp
125107862,Gay Wolverson,331-838-4800,gwolversong@arstechnica.com
075906524,Spencer Turfes,650-320-2324,sturfesh@dailymail.co.uk
122240764,Abel Faulkes,980-919-9853,afaulkesi@tripod.com
053112055,Michail Bramhill,966-448-6482,mbramhillj@blinklist.com
104901827,Benton Embery,725-916-4228,bemberyk@ebay.com
103101330,Powell Longland,423-116-7234,plonglandl@vkontakte.ru
063210112,Sybille Sharply,924-717-1065,ssharplym@t-online.de
111304404,Gerianna Bothams,870-395-1757,gbothamsn@globo.com
081503380,Susanetta Suermeier,504-224-1166,ssuermeiero@sfgate.com
325070951,Starlin Bakes,961-556-5600,sbakesp@sitemeter.com
072413900,Diena Mower,652-392-6063,dmowerq@nih.gov
053207766,Augie Ghidoli,495-919-5207,aghidolir@oaic.gov.au
101115030,Issy Lalonde,956-503-1848,ilalondes@usda.gov
031300669,Malinde Leah,374-203-0918,mleaht@hexun.com
081009428,Elsy Kelley,140-636-3688,ekelleyu@engadget.com
111903999,Chev Dennant,749-967-5029,cdennantv@bbb.org
323170112,Horatio Beames,516-133-2854,hbeamesw@dell.com
323170112,Ethyl Flewan,538-290-2754,eflewanx@wufoo.com
026014193,Andreana Antoinet,703-247-6708,aantoinety@who.int
091917681,Zack Toffel,630-390-9553,ztoffelz@odnoklassniki.ru
103000240,Doralia Caldes,168-125-3647,dcaldes10@cargocollective.com
011001234,Ansell Maseres,536-178-8485,amaseres11@last.fm
031309123,Joan Murrhardt,387-565-1945,jmurrhardt12@blogger.com
322279920,Alexine McAless,639-614-5484,amcaless13@e-recht24.de
103107402,Wittie Agdahl,505-841-5053,wagdahl14@wp.com
282974006,Adoree Eckersall,908-383-1390,aeckersall15@shinystat.com
101019521,Lynnett Jobb,205-268-0291,ljobb16@intel.com
111914917,Chan Sedgeworth,781-229-5548,csedgeworth17@ed.gov
125108191,Margret McManus,901-349-3291,mmcmanus18@google.es
104901717,Byron Antyukhin,547-941-6133,bantyukhin19@mayoclinic.com
122101191,Shaylah Poundesford,717-175-2628,spoundesford1a@columbia.edu
221271469,Finley Reuben,699-445-0046,freuben1b@eventbrite.com
065405349,Bekki Margach,910-960-5266,bmargach1c@alexa.com
064004181,Marthe Vivien,873-158-8053,mvivien1d@alexa.com
242071295,Basia Dahill,519-346-4667,bdahill1e@devhub.com
092901476,Roderigo O'Lynn,565-861-2779,rolynn1f@joomla.org
084309125,Anthia Fairlam,392-236-2724,afairlam1g@latimes.com
055002480,Frederich Baniard,283-938-2862,fbaniard1h@goo.gl
064204444,Garwin Fulmen,902-271-7186,gfulmen1i@mayoclinic.com
071923695,Trish Kneaphsey,430-769-1629,tkneaphsey1j@delicious.com
113122804,Goldie Woolaghan,537-113-2677,gwoolaghan1k@ed.gov
114924182,Ade Rickwood,442-919-9610,arickwood1l@blogger.com
122244715,Jacky Sherrott,347-394-2948,jsherrott1m@bbc.co.uk
061203642,Everett Vassar,375-800-6653,evassar1n@dagondesign.com
064107729,Jaime Rundall,876-460-8033,jrundall1o@china.com.cn
091400606,Asher Giottini,521-471-8049,agiottini1p@wunderground.com
123203218,Donelle Sclater,199-143-6726,dsclater1q@berkeley.edu
064109073,Tamara Lembrick,726-161-5952,tlembrick1r@ted.com
073903367,Stanford Tackell,310-824-1548,stackell1s@hc360.com
031308810,Philomena Vaissiere,289-415-9559,pvaissiere1t@google.pl
274970063,Irvin Mora,654-332-6379,imora1u@flavors.me
031318619,Ernst Nowakowska,850-510-9150,enowakowska1v@pen.io
053112275,Forbes Ezzle,651-899-8674,fezzle1w@virginia.edu
092901654,Alessandro Klaus,701-694-1629,aklaus1x@paypal.com
053106799,Beaufort Losel,396-736-9095,blosel1y@comsenz.com
031207966,Sinclair MacKonochie,574-353-2720,smackonochie1z@de.vu
101100375,Ardyth Emanuele,834-840-5440,aemanuele20@statcounter.com
122105812,Sayre Blackwell,323-207-3223,sblackwell21@devhub.com
121144528,Berkeley Kesten,362-535-5612,bkesten22@salon.com
322270055,Maxy Poetz,124-871-3701,mpoetz23@cornell.edu
011307239,Evangelin Skaife d'Ingerthorpe,271-915-1847,eskaife24@bluehost.com
107005801,Gustavus Marchington,893-773-3113,gmarchington25@spiegel.de
031318596,Filip Zavattari,587-545-2511,fzavattari26@cisco.com
011307239,Teriann MacAree,112-837-0038,tmacaree27@businesswire.com
111921751,Sky O'Crigan,881-360-0991,socrigan28@zimbio.com
221272442,Wright Kefford,853-183-3362,wkefford29@scientificamerican.com
322281057,Ashlan Taylder,765-681-8959,ataylder2a@people.com.cn
051401836,Danice Mulmuray,201-987-1633,dmulmuray2b@livejournal.com
081009813,Mikel Mutch,510-784-8484,mmutch2c@miibeian.gov.cn
041203811,Leandra Armsby,757-955-0119,larmsby2d@dropbox.com
102103588,Sande Lindwasser,371-577-0802,slindwasser2e@who.int
101105817,Fitz Spat,710-509-1398,fspat2f@jalbum.net
322285752,Reade Schoales,876-881-9774,rschoales2g@washingtonpost.com
111311785,Lenard Proffer,211-279-4250,lproffer2h@1688.com
111906271,Alistair Iwanowicz,152-989-8772,aiwanowicz2i@google.cn
124000737,Denyse Abramino,635-579-4347,dabramino2j@goodreads.com
091000019,Devora Didsbury,279-798-3512,ddidsbury2k@sakura.ne.jp
055001711,Brittani Schulz,233-715-8078,bschulz2l@youtube.com
084202264,Michelle Franchioni,406-374-7900,mfranchioni2m@csmonitor.com
072413706,Harrison Bassano,412-105-8233,hbassano2n@artisteer.com
071201647,Nikola McKeurtan,515-888-9302,nmckeurtan2o@360.cn
053000206,Jimmy Perazzo,441-625-5751,jperazzo2p@google.it
081500493,Krissy Feldhammer,419-434-2296,kfeldhammer2q@seesaa.net
322285833,Vernon Phillcox,775-290-2673,vphillcox2r@unesco.org
064206594,Elizabeth Ratie,626-844-4134,eratie2s@addtoany.com
075906142,Howie Gowrich,982-989-9225,hgowrich2t@about.me
071000301,Danni Blackledge,984-968-9122,dblackledge2u@theatlantic.com
091903844,Katalin Waddicor,786-423-4652,kwaddicor2v@whitehouse.gov
071105154,Jaquith Apple,532-939-6981,japple2w@51.la
231375520,Erasmus Scorrer,970-109-2941,escorrer2x@facebook.com
122243703,Minnnie Urey,453-258-3217,murey2y@github.io
044212922,Virginie Filipputti,313-923-1264,vfilipputti2z@seattletimes.com
124302150,Gaelan Grimwade,606-374-6788,ggrimwade30@google.co.jp
053111988,Bobbie Pinch,447-885-6836,bpinch31@mtv.com
071900663,Hanson Rielly,232-176-4623,hrielly32@usda.gov
064101385,Morey Toller,399-123-9162,mtoller33@answers.com
026004970,Adah Ferentz,535-942-6691,aferentz34@tiny.cc
043000630,Idaline Gold,586-674-8796,igold35@slate.com
065305863,Ingrid Tritten,664-205-3265,itritten36@nyu.edu
111322457,Austina Aronowicz,335-981-6232,aaronowicz37@over-blog.com
011301536,Ambros D'Avaux,112-288-7972,adavaux38@live.com
083904563,Kinnie Markussen,682-245-2813,kmarkussen39@state.tx.us
062005690,Shannon Twede,562-761-8204,stwede3a@timesonline.co.uk
054001628,Norri Bruntjen,850-922-4077,nbruntjen3b@cafepress.com
124084672,Norby Toope,995-822-9253,ntoope3c@irs.gov
071901882,Terrijo Doornbos,991-259-4986,tdoornbos3d@wufoo.com
122037087,Jessie Brann,810-942-6082,jbrann3e@yandex.ru
041000153,Christel Kelso,464-687-7318,ckelso3f@unicef.org
311074288,Cheri Noice,332-556-2279,cnoice3g@stumbleupon.com
113104521,Ediva Tokley,395-783-9975,etokley3h@berkeley.edu
067014123,Keith Possell,169-869-2670,kpossell3i@wiley.com
082901868,Aldridge Gresty,284-741-5714,agresty3j@cafepress.com
122243321,Bondy Breyt,222-820-8700,bbreyt3k@cnet.com
111320899,Dani Wilber,559-416-0659,dwilber3l@washington.edu
053101121,Fielding McConaghy,622-818-9987,fmcconaghy3m@wiley.com
062202150,Conni Culcheth,481-894-9591,cculcheth3n@patch.com
222371054,Don Boules,798-693-1227,dboules3o@google.co.jp
241272079,Myrta Faux,214-326-3393,mfaux3p@illinois.edu
061212345,Gerek Dutnall,255-593-0708,gdutnall3q@columbia.edu
075907442,Natalya Jumeau,856-665-3505,njumeau3r@ustream.tv
053208037,Glad Hrycek,211-359-9201,ghrycek3s@rediff.com
031312107,Shawna Hirschmann,571-609-7061,shirschmann3t@hp.com
075904115,Pansy Shortall,710-574-6301,pshortall3u@miibeian.gov.cn
072409888,Vicky Baugham,208-638-4748,vbaugham3v@ovh.net
253184472,Nolana Hlavac,857-719-4450,nhlavac3w@hao123.com
071924319,Remington Muffett,594-122-2371,rmuffett3x@plala.or.jp
062201229,Catina Hutton,104-135-0791,chutton3y@yelp.com
021207358,Madelin Stoffler,874-833-9455,mstoffler3z@marriott.com
082907545,Misha Duckinfield,110-212-3789,mduckinfield40@ning.com
107004695,Mallory Knowlton,649-309-3868,mknowlton41@netvibes.com
064203021,Sandro Beumant,370-645-7224,sbeumant42@patch.com
055002723,Jere Mannagh,942-172-1740,jmannagh43@omniture.com
071926870,Kennedy Woolford,480-647-3034,kwoolford44@bandcamp.com
063100277,Corby Dalliston,552-559-5754,cdalliston45@pcworld.com
114911807,Kelsi Gouinlock,106-970-0267,kgouinlock46@eventbrite.com
081017711,Alastair Gallyhaock,510-875-5952,agallyhaock47@free.fr
101200929,Cher Golden of Ireland,377-995-3145,cgolden48@topsy.com
263184996,Aksel Nelissen,801-237-9848,anelissen49@t-online.de
091407667,Layton Kharchinski,862-304-8533,lkharchinski4a@elpais.com
122243172,Adriano McMoyer,234-362-9356,amcmoyer4b@bluehost.com
111000025,Welby Biermatowicz,837-571-9012,wbiermatowicz4c@geocities.jp
064202844,Rollins O'Canavan,231-647-7793,rocanavan4d@smugmug.com
071112105,Lilian Castiello,419-747-4125,lcastiello4e@usda.gov
083905326,Corette Lowthian,286-778-9168,clowthian4f@google.co.jp
063015537,Kelley Tims,257-180-0270,ktims4g@house.gov
071004527,Sheeree Tamsett,879-609-5475,stamsett4h@google.com.br
211370354,Karola Flores,215-528-3008,kflores4i@ucsd.edu
122106031,Darline Atchly,231-875-1595,datchly4j@cbsnews.com
113024504,Stillman Ellam,892-237-3750,sellam4k@time.com
102004331,Yetta Grahl,649-845-3452,ygrahl4l@taobao.com
101107226,Jilleen Isaksson,873-949-0190,jisaksson4m@npr.org
211070146,Son Lamke,561-211-8628,slamke4n@github.io
072412927,Marji Paraman,705-448-8787,mparaman4o@cbsnews.com
031316271,Portie McEnteggart,816-350-9593,pmcenteggart4p@simplemachines.org
322271779,Nicholas Jakucewicz,863-422-3607,njakucewicz4q@dedecms.com
122242102,Flinn Huxtable,908-907-7353,fhuxtable4r@bbc.co.uk
074903308,Silvie Rennard,147-901-2582,srennard4s@example.com
122240890,Wilbur Starcks,249-645-5332,wstarcks4t@e-recht24.de
062200961,Nessi Butcher,114-505-8162,nbutcher4u@ca.gov
283079214,Inglebert Ellissen,692-327-5190,iellissen4v@a8.net
011401957,Ferdy Woloschinski,191-859-1826,fwoloschinski4w@vkontakte.ru
111000753,Shela Proswell,451-450-5147,sproswell4x@prlog.org
103102106,Bob Hegarty,594-174-2514,bhegarty4y@blogtalkradio.com
065402339,Arron Jossel,393-507-4515,ajossel4z@state.gov
053112068,Kali Mosby,885-545-9763,kmosby50@usda.gov
067014181,Abdul Parslow,661-857-2625,aparslow51@cocolog-nifty.com
114912013,Kayla Pine,981-648-8761,kpine52@spiegel.de
082904085,Lenna Dannett,324-446-5942,ldannett53@bizjournals.com
061212345,Orv Schachter,720-547-0644,oschachter54@shop-pro.jp
053185079,Gwennie Cuthill,517-677-8464,gcuthill55@php.net
072413706,Doy Pidgeon,285-848-3443,dpidgeon56@flavors.me
021207206,Jane Wallbrook,701-927-5848,jwallbrook57@barnesandnoble.com
072412985,Raven Pugh,602-486-2283,rpugh58@slashdot.org
102106857,Job Lazenby,857-332-8959,jlazenby59@examiner.com
067013700,Gerardo Tingley,419-844-0959,gtingley5a@123-reg.co.uk
114924690,Violette Brame,935-451-2962,vbrame5b@google.ca
051903761,Sheffie Kervin,829-807-6760,skervin5c@163.com
011302438,Oran Schuricht,172-349-8983,oschuricht5d@wunderground.com
071001737,Will Burke,665-691-3473,wburke5e@dagondesign.com
081503607,Alessandro Potapczuk,642-594-5472,apotapczuk5f@purevolume.com
091206884,Romy Mosco,779-416-7734,rmosco5g@vk.com
011110688,Emmey Cornes,449-367-9888,ecornes5h@icq.com
065300020,Lazare Lorie,916-422-2152,llorie5i@addtoany.com
122239937,Wallie Hutchcraft,916-859-2358,whutchcraft5j@nifty.com
081503490,Lauretta Leatt,926-967-8968,lleatt5k@cocolog-nifty.com
271071004,Lyn Morland,327-254-4756,lmorland5l@de.vu
071123518,Kellie Menpes,913-262-7147,kmenpes5m@dmoz.org
065202791,Cecilla Stuchbury,421-452-6234,cstuchbury5n@ning.com
124300327,Reamonn Grannell,206-905-5512,rgrannell5o@home.pl
111302545,Goddard Dingwall,894-389-9671,gdingwall5p@timesonline.co.uk
051074030,Guntar Lidgertwood,453-434-8355,glidgertwood5q@dagondesign.com
122106374,Marleen Valero,561-562-8494,mvalero5r@themeforest.net
275079882,Ahmed Thome,690-645-3036,athome5s@boston.com
041200089,Jeromy Galland,674-979-7657,jgalland5t@github.io
111903850,Annadiana Kaasman,669-358-7855,akaasman5u@yellowpages.com
107002192,Felita Utton,495-326-7252,futton5v@vkontakte.ru
082000073,Pauli Lotte,784-666-5217,plotte5w@nhs.uk
255070351,Robina Hastewell,841-595-0918,rhastewell5x@friendfeed.com
065000171,Lindsey Liveley,728-312-9818,lliveley5y@dailymotion.com
122239775,Karney Leidecker,371-264-0268,kleidecker5z@1und1.de
022300186,Douglas O'Donohue,653-801-2739,dodonohue60@theatlantic.com
111313479,Mattie Vanstone,464-267-8255,mvanstone61@paypal.com
101005690,Serene Carslake,600-471-4395,scarslake62@oracle.com
281581047,Abbie Goning,413-134-7834,agoning63@toplist.cz
121142287,Jillana Chelnam,827-225-5917,jchelnam64@sciencedaily.com
044206475,Leopold Fibbens,907-483-8200,lfibbens65@livejournal.com
021307559,Katha Cleverley,940-408-1281,kcleverley66@uol.com.br
065303467,Elmira Ferries,884-840-6887,eferries67@topsy.com
081000980,Denver Comsty,498-290-2043,dcomsty68@moonfruit.com
271992219,Enrico Chevalier,940-681-5371,echevalier69@bluehost.com
021101425,Portie Bamsey,721-380-0394,pbamsey6a@youtube.com
123171955,Jimmie Finlan,332-572-6996,jfinlan6b@google.co.jp
071100049,Ofelia Chrstine,508-866-0184,ochrstine6c@howstuffworks.com
263184996,Pen Mauger,570-587-6530,pmauger6d@bloomberg.com
282974161,Zachariah Wharby,410-243-6362,zwharby6e@unesco.org
091903844,Cully Portal,451-577-2027,cportal6f@google.co.uk
081225804,Darbee Coyle,254-282-7935,dcoyle6g@etsy.com
121032232,Tessy Chiles,501-789-5681,tchiles6h@liveinternet.ru
103102216,Tally Mallall,809-453-0334,tmallall6i@berkeley.edu
071923909,Ardelle Cherry,507-438-7226,acherry6j@rakuten.co.jp
101107116,Krystyna Bakewell,175-819-2446,kbakewell6k@toplist.cz
053207986,Anallise Aronsohn,300-523-3172,aaronsohn6l@odnoklassniki.ru
114921949,Toinette Cruz,560-376-9660,tcruz6m@about.me
011200608,Merwin Shackesby,833-428-1766,mshackesby6n@pcworld.com
273970365,Guglielma Mayger,679-464-5991,gmayger6o@comcast.net
044102362,Teador Iggalden,878-300-8543,tiggalden6p@typepad.com
053112453,Glynnis Critchley,493-136-9163,gcritchley6q@weather.com
111907775,Vaughn Irce,111-321-5147,virce6r@parallels.com
275079882,Irvin Methingam,874-434-3841,imethingam6s@tmall.com
091304634,Faye Stollmeyer,384-694-2866,fstollmeyer6t@blogger.com
125000118,Nora Brookton,818-448-1480,nbrookton6u@gravatar.com
051405188,Cyrill Bestwick,946-699-8032,cbestwick6v@tinyurl.com
091005632,Allyn Atterley,969-624-0945,aatterley6w@usnews.com
082904085,Christin Tanfield,340-805-3419,ctanfield6x@independent.co.uk
036076150,Millicent Goulden,784-181-3374,mgoulden6y@netscape.com
065303085,Nevsa Gamet,120-983-0402,ngamet6z@bloglines.com
061120217,Siobhan Stoll,296-351-1483,sstoll70@senate.gov
121141903,Andy Chasmer,775-557-2471,achasmer71@alibaba.com
111316612,Vasily Caldecutt,207-216-6621,vcaldecutt72@webs.com
063103193,Amalia Wailes,419-973-6896,awailes73@gmpg.org
084108795,Towney Beeton,420-595-8967,tbeeton74@cyberchimps.com
271984162,Clarinda Friel,886-817-3175,cfriel75@go.com
011401148,Ignacio Gay,869-830-1694,igay76@craigslist.org
043018868,Oren Sheather,123-731-2610,osheather77@1und1.de
101114552,Ruttger Sutterby,664-937-1461,rsutterby78@usda.gov
031207966,Reginauld Ollerenshaw,280-783-1070,rollerenshaw79@nature.com
074910799,Hodge Ipplett,478-419-9417,hipplett7a@mlb.com
084302614,Nata Gartell,800-126-4220,ngartell7b@sakura.ne.jp
071102322,Tricia Betchley,177-739-3425,tbetchley7c@unicef.org
043304239,Adara McIlmorow,236-985-3223,amcilmorow7d@whitehouse.gov
065303069,Steven Jewell,162-175-8021,sjewell7e@icio.us
114902405,Sergeant Rasor,781-768-1340,srasor7f@storify.com
064003768,Ermanno Zambon,371-891-8911,ezambon7g@usa.gov
072402348,Elladine Foister,212-267-3453,efoister7h@i2i.jp
075000019,Adrea Mansbridge,181-520-1396,amansbridge7i@posterous.com
042208006,Claudian Ben,108-198-6439,cben7j@japanpost.jp
284373838,Jeffry Steutly,883-731-9493,jsteutly7k@smugmug.com
065303920,Fredrika Bottelstone,889-401-3822,fbottelstone7l@gravatar.com
274970937,Mirabella Lightewood,846-538-4568,mlightewood7m@vistaprint.com
322280252,Teador Drinkall,212-314-5083,tdrinkall7n@pbs.org
043314164,Clea Pic,787-146-5485,cpic7o@bloglines.com
253184472,Georgetta Hartmann,727-653-2110,ghartmann7p@shutterfly.com
055001876,Karel Laneham,752-752-7318,klaneham7q@cdc.gov
104910274,Isahella Piggens,210-681-2149,ipiggens7r@last.fm
092001208,Aurelea Dryburgh,152-366-6872,adryburgh7s@hubpages.com
031176110,Cary Dally,248-345-7455,cdally7t@about.me
061308770,Berkly McSkin,650-822-8384,bmcskin7u@t-online.de
102100992,Kimberly Tape,491-448-2285,ktape7v@technorati.com
111915770,Wynny Janny,739-521-1964,wjanny7w@psu.edu
091204080,Chiarra Brittian,169-294-4668,cbrittian7x@tmall.com
021905977,Damien Moran,142-249-1668,dmoran7y@geocities.jp
103106542,Travers Espinosa,572-418-6396,tespinosa7z@feedburner.com
042107602,Bruce Pavelka,182-830-9664,bpavelka80@wikia.com
211372187,Millard Magenny,308-995-7199,mmagenny81@sohu.com
051404260,Sarene Naseby,735-545-7223,snaseby82@berkeley.edu
081921551,Catherina Ailsbury,781-430-1739,cailsbury83@gmpg.org
313072819,Lew Merrick,188-356-0212,lmerrick84@macromedia.com
121143891,Haze Dimmock,231-702-2717,hdimmock85@state.tx.us
111914849,Claudie Phillis,966-889-3030,cphillis86@redcross.org
041207040,Bevin Batalle,156-395-8998,bbatalle87@stanford.edu
041204166,Tedi Delcastel,836-814-0470,tdelcastel88@upenn.edu
042306720,Dionisio McGiven,325-330-3080,dmcgiven89@smugmug.com
322270495,Klemens Geydon,880-669-1589,kgeydon8a@hostgator.com
124002735,Juliette Crollman,313-168-5784,jcrollman8b@typepad.com
091308805,Heinrik O' Kelleher,637-817-1784,ho8c@pinterest.com
111318063,Standford Taylder,507-853-9641,staylder8d@theatlantic.com
066004367,Paxton Eborn,409-124-2917,peborn8e@macromedia.com
011100106,Kynthia Jermy,452-300-7119,kjermy8f@walmart.com
081220537,Emmalynn Cathrall,485-646-9002,ecathrall8g@howstuffworks.com
075908218,Gaylor Ballham,271-158-8722,gballham8h@edublogs.org
091901684,Frieda Auld,846-382-3406,fauld8i@narod.ru
067008582,Chic Van Velde,117-680-0777,cvan8j@epa.gov
064209177,Waite Tanfield,341-201-7109,wtanfield8k@blogs.com
061000010,Allissa Rhydderch,639-738-0776,arhydderch8l@abc.net.au
111904150,Jeannie Mellor,800-288-2676,jmellor8m@answers.com
271071402,Andie Qualtrough,291-895-6199,aqualtrough8n@multiply.com
102103588,Jeniece Pree,375-153-9090,jpree8o@naver.com
071100858,Rhea Sandars,452-609-0643,rsandars8p@cyberchimps.com
072413748,Odessa MacShirie,152-734-3389,omacshirie8q@ezinearticles.com
062205733,Annelise Oboy,304-967-4730,aoboy8r@timesonline.co.uk
272471438,Leese Aitken,891-280-9711,laitken8s@sun.com
021202719,Brady Bibey,402-650-3799,bbibey8t@omniture.com
011400178,Bernhard Addicote,291-934-3761,baddicote8u@storify.com
314973412,Rani Waltho,675-669-8029,rwaltho8v@reuters.com
114903190,Dexter Divina,951-778-9621,ddivina8w@ocn.ne.jp
063116203,Dael Flowitt,271-981-0738,dflowitt8x@altervista.org
113102552,Ezri Pretorius,248-376-0255,epretorius8y@yellowbook.com
031275998,Vic Mellers,831-711-2798,vmellers8z@archive.org
244172082,Boothe Ingre,673-104-0937,bingre90@phoca.cz
053101396,Brooke Swindles,675-305-0510,bswindles91@google.nl
111321270,Niki Noen,114-298-2648,nnoen92@japanpost.jp
071922256,Quillan Dryburgh,692-451-6608,qdryburgh93@ox.ac.uk
071105002,Giustina Weatherhead,484-936-6947,gweatherhead94@berkeley.edu
061000010,Libby Garritley,339-583-1121,lgarritley95@icq.com
021902352,Abigael Froud,153-655-9895,afroud96@dedecms.com
111906860,Carley Goulborn,780-840-7506,cgoulborn97@cloudflare.com
107006664,Remington Maiklem,106-857-8463,rmaiklem98@independent.co.uk
064203610,Thomas Bough,501-141-3101,tbough99@foxnews.com
322280485,Thomasa Pallent,607-242-3987,tpallent9a@ustream.tv
267091250,Sondra Teresia,477-399-4803,steresia9b@census.gov
113105465,Deane Pitson,742-307-8699,dpitson9c@walmart.com
091200738,Bonnie De Nisco,316-258-1249,bde9d@cargocollective.com
101114442,Alfons Rignoldes,198-200-8035,arignoldes9e@studiopress.com
091810623,Tine Yurikov,851-380-3073,tyurikov9f@seesaa.net
053112217,Pearle Domsalla,236-529-8874,pdomsalla9g@over-blog.com
271974295,Rolfe Thirlwell,955-386-1620,rthirlwell9h@rambler.ru
042102270,Gaylor Oakenford,314-315-7590,goakenford9i@cdc.gov
265472208,Abbi Giorgeschi,668-851-3051,agiorgeschi9j@last.fm
101001173,Lonee Epinoy,400-173-6092,lepinoy9k@qq.com
092901706,Elle Mawtus,911-407-0847,emawtus9l@huffingtonpost.com
071214333,Thorny Dabels,259-371-4367,tdabels9m@earthlink.net
071001630,Gunner Jenkin,111-565-6986,gjenkin9n@businesswire.com
065200874,Brooks Holdin,996-740-3043,bholdin9o@sfgate.com
063116203,Gasper Beers,997-296-4495,gbeers9p@house.gov
314970664,Kippy Wickling,608-883-1333,kwickling9q@tinypic.com
022300160,Crosby Lindop,404-713-3904,clindop9r@deliciousdays.com
051000033,Teddy Upston,330-929-1836,tupston9s@flickr.com
081925816,Nannette Felce,587-365-5800,nfelce9t@sciencedirect.com
026012881,Olympe Kibbey,281-908-0213,okibbey9u@sun.com
264172156,Ronalda Diben,652-963-4220,rdiben9v@plala.or.jp
044115511,Cristiano Gendrich,644-848-6465,cgendrich9w@artisteer.com
101111953,Raphaela Dossettor,411-373-9089,rdossettor9x@buzzfeed.com
101002716,Durante O' Donohoe,509-412-8636,do9y@nps.gov
063111596,Sorcha Keune,335-186-8954,skeune9z@techcrunch.com
053200019,Daron Bromhead,263-145-6276,dbromheada0@a8.net
053185079,Cherish Tuiller,486-815-9179,ctuillera1@jigsy.com
041215032,Karee Jaslem,928-954-6646,kjaslema2@barnesandnoble.com
061192753,Shoshana Grimble,982-756-3911,sgrimblea3@plala.or.jp
092901337,Tyrone Cello,499-857-4722,tcelloa4@craigslist.org
101000035,Jose Novic,744-679-3455,jnovica5@example.com
242072715,Marina Fandrey,749-777-2484,mfandreya6@google.ca
067009785,Carol Barrington,180-196-5739,cbarringtona7@posterous.com
053112055,Torrence Callar,960-215-0327,tcallara8@sitemeter.com
071002134,Silas Linke,117-752-6273,slinkea9@ox.ac.uk
101100265,Christos Issacoff,738-123-0235,cissacoffaa@taobao.com
063216307,Cyndi Tukesby,788-425-1712,ctukesbyab@lycos.com
322270055,Sande Ladds,553-132-8208,sladdsac@uiuc.edu
081500859,Terri Pittwood,667-349-3865,tpittwoodad@themeforest.net
021000128,Fred Kick,685-380-9888,fkickae@sourceforge.net
071112684,Seumas Phare,528-434-0585,sphareaf@shinystat.com
122041235,Isidora Winser,376-259-4061,iwinserag@webnode.com
281070778,Corabella Hebner,881-249-5667,chebnerah@surveymonkey.com
053109877,Brigham Campagne,528-185-1537,bcampagneai@msn.com
081025208,Alexis Vellender,587-625-6612,avellenderaj@altervista.org
081211300,Elli Fosh,408-316-7796,efoshak@alexa.com
102301089,Tawsha Tennock,523-556-4421,ttennockal@wired.com
103101725,Guglielmo Surmeir,508-164-8948,gsurmeiram@e-recht24.de
102006407,Nikita Haversum,907-882-7396,nhaversuman@jigsy.com
122244171,Trude Capehorn,457-380-3166,tcapehornao@chicagotribune.com
091202736,Dianemarie Farrington,521-599-2927,dfarringtonap@fotki.com
091905512,Clive Franzettoini,200-417-9845,cfranzettoiniaq@craigslist.org
031302777,Judye Lukasik,950-777-9003,jlukasikar@com.com
064102601,Manda Sowerby,797-527-5410,msowerbyas@npr.org
071214472,Cord Pull,826-149-1579,cpullat@google.com.hk
021100361,Kimball Beardsworth,783-808-1967,kbeardsworthau@yelp.com
063106145,Burton Apthorpe,629-411-0328,bapthorpeav@nature.com
062203104,Noella Arnow,269-434-9361,narnowaw@cnn.com
114922430,Madelin Langthorne,212-996-1026,mlangthorneax@digg.com
101005690,Guillaume Bartoszinski,168-839-2964,gbartoszinskiay@imdb.com
112205764,Donall Izkovicz,359-114-0075,dizkoviczaz@skype.com
231375575,Paddy Wymer,401-252-8965,pwymerb0@theatlantic.com
071925156,Trey Fearneley,494-283-5002,tfearneleyb1@reuters.com
091900465,Inness McKerron,139-942-5565,imckerronb2@redcross.org
081000058,Mildrid Ney,535-633-0801,mneyb3@chronoengine.com
